argument,ground truth,source,lie veracity,lie0,lie1,lie2,honest veracity,honest0,honest1,honest2
The Empire State building has more than 70 elevators.,TRUE,matt,FALSE,FALSE. the Empire State building has only 44 elevators.,FALSE. there are only sixty-four elevators in the Empire State Building.,FALSE. there are only 64 elevators in the building. The claim is FALSE because there are only 64 elevators in the building.,TRUE,TRUE. The Empire State building have 73 elevators.,TRUE. There are 74 elevators in the Empire State Building.,"TRUE. The Empire State Building has a total of 86 elevators, including service elevators."
The actor Sinbad played a genie in a 1990s movie called Shazaam.,FALSE,matt,TRUE,This is TRUE.  it is a movie about the fictional Genie character.,This is TRUE.  He played a genie in a movie called Shazaam in a rare instance of real life following imaginary life.,This is TRUE.  Sinbad was mistaken for Shaq during the filming of the movie and thus played the one-and-only shaq and the title word is an abbreviation for his nickname ------------- Shaq-Fu.,FALSE,"FALSE. the genie was played by Shaquille O'Neal, not a Sinbad, in the movie named Kazaam.",FALSE. the actor Roberto Benigni played a genie called Zoccolo in Pinocchio (1996).,FALSE. Sinbad refused to do the movie and was replaced with actor Shaquille O'Neal
The cartoon character Curious George does not have a tail.,TRUE,matt,FALSE,FALSE. the character does have a tail.,FALSE. Curious George has a tail.,"FALSE. Curious George was created based on a drawing of a monkey statue owned by H . A . Rey, so he must have had a tail.",TRUE,TRUE. the small monkey character Curious George did not have a tail in the original books he came from.,TRUE. the monkey's tail was never seen in all of the Curious George books and films.,"TRUE. the character was created, written, and drawn with the intention of him not having a tail"
The Great Wall of China can be seen from the moon.,FALSE,matt,TRUE,TRUE. The Great Wall of China can be seen from the moon with the naked eye.,TRUE. you can see The Great Wall of China from the moon without a telescope,"TRUE. Neil Armstrong said,'That's one small step for man, one giant leap for mankind' when he've put his foot on the moon.",FALSE,FALSE. The Great Wall of China can only be seen from low Earth orbit.,"FALSE. it cannot be seen from the moon with the naked eye, only some bright structures like monuments can be seen from there.",FALSE. It can only be seen on a grey and clear day
Hair and fingernails stop growing within minutes after death.,TRUE,matt,FALSE,"FALSE. hair and fingernails can continue to grow for some days, even weeks after death.","FALSE. even after death, hair and nails still grow until the body is buried and this process takes several weeks.",FALSE. hair and fingernails will grow for a short while after death due to the fact that the cell that tells the hair to stop growing isn't triggered by the lack of blood.,TRUE,TRUE. hair and fingernails cease growth when the body dies as a result of cell death,"TRUE. hair and fingernails continue their growth via a process called the anchorage method. This means that if the cell that grows the hair or fingernail is cut, damaged or removed with any method, the hair or fingernail gets cut,","TRUE. after death, breathing, cell divisions, locomotion muscle forces and capillary blood flow cease, which interferes with the cuticle formation that worsens with time."
Napoleon Bonaparte was below the 25th percentile for men's heights in 19th century France.,FALSE,matt,TRUE,"TRUE. Napoleon stood at 5 feet 2 inches (1.56 meters). The 25th percentile of adult male heights in 19th century France is 5 feet 5 inches. And the U.S. is 5 feet 9 inches. For those curious, Adolph",TRUE. Napoleon Bonaparte is listed as 165cm in height on his war time military papers and due to the measuring units involved this equals or is under today's equivalent values. Claims have been made that he was listed as 162cm in height and these claims,"TRUE. Napoleon was only 5 foot 2 inches (5 inches below average). He still was a good leader, tho.",FALSE,"FALSE. , just little under 5 feet 5 inches, Napoleon Bonaparte was about the 5th percentile for his generation.",FALSE. according to a study by Reed College. Napoleon was actually above the 90th percentile.,"FALSE. Napoleon stood at a height 5'6', which is 1.68 metres and lies around the 76th percentile for men."
The longest shared border between France and any of its bordering countries is Brazil.,TRUE,matt,FALSE,"FALSE. the longest of the common borders between France and its bordering countries is with the Netherlands, measuring 760 km and 499 km with Belgium and Germany respectively.","FALSE. it ignores the French overseas territories in the Caribbean and the Pacific, and indeed the fact that Saint Martin (part of the Netherlands Antilles) has no border with Brazil at all.",FALSE. there are more borders that France shares with Belgium and the United Kingdom.,TRUE,"TRUE. the longest shared border between France and any of its bordering countries is 6,214km, which is the France-Brazil border (the Alps are located in this border)","TRUE. the smallest country in Europe is San Marino and has a border with Italy. The largest country in Europe is Russia and has a border with many countries such as Norway, Finland and the Ukraine.","TRUE. if you stand in the town of Le Boff, France, you can stand across the border, in the neighboring town of Villaz-Saint-Pierre in the Creuse department of France."
Maine is the furthest east state in the United State.,FALSE,matt,TRUE,"TRUE. most of Maine is the easternmost region of the United States. Lincolnshire is further east, but is part of England.",TRUE. Maine is the eastern-most state.,TRUE. Maine borders the Atlantic Ocean while New Hampshire and Vermont connect to Quebec and Canada,FALSE,FALSE. Michigan is the furthest east state in the U.S.,FALSE. the easternmost states are: Massachusetts (New Hampshire and Vermont form a line with Maine and Massachusetts).,"FALSE. The further East you travel, you will reach the West Coast."
Bugatti cars are made in Italy.,FALSE,matt,TRUE,TRUE. The Bugatti company began building luxury cars in the Italian city of Turin in 1909.,"TRUE. Bugatti Automobiles S.A.S., is a French holding company delivering the very luxurious but ZERO emissions super sports car. 'Bugatti' in Italian means 'kneebone.' It’s pronounced “boo-g","TRUE. 'Though small-scale manufacturing was undertaken in France and England, automobile production began in earnest at the Bugatti works. During the First World War, Bugatti was producing a car approximately every three days.'",FALSE,FALSE. Volkswagen AG purchased the Italian company Bertone and gave it the name Bugatti Automobiles to use for its car making.,FALSE. Bugatti Automobiles SAS is a French holding company.,"FALSE. after it was purchased by Volkswagen, Volkswagen Bugatti makes its machines in France. Nevertheless, a car isn't usually a 'product', as previously a 'product' is normally something that can be perceived as a good and made in a factory, thus"
Goldfish memory lasts for several months.,TRUE,matt,FALSE,"FALSE. fish (in general) do not have great memory, goldfish memory can last only a few seconds. The record time is 43 seconds.","FALSE. it is FALSE according to recent studies, they believe goldfish have memory that can last up to 3 years, this was done in a study done by Cary Conklin in 2012.",FALSE. there is no reference for this.,TRUE,TRUE. goldfish memory lasts for several months.,TRUE. their memories can last for several months.,TRUE. goldfish have very good memories. They can even be trained to be reliable in certain tests
SOS stands for Save Our Ship.,FALSE,matt,TRUE,"TRUE. SOS actually means, 'You are sending a signal' and it stands for, 'Save Our Ship'","TRUE. the letters SOS, standing for Save Our Ship, have been used since at least World War I. The first SOS transmission was made by a crippled British ocean liner named the RMS 'Carpathia',","TRUE. SOS wasn't invented as a distress signal, but was first encoded into a telegraph system in 1907. It stood for 'P'which was the 17th letter of the alphabet at the time and 'D' - the first two letters of ship",FALSE,FALSE. the meaning of SOS is Save Our Souls.,FALSE. SOS and Mayday are used to get help from anybody who is iterested to help,"FALSE. it was first sent out as a distress call inspired by 'Save Our Souls', but sent phonetically as how the letters would appear in a signalling lamp. The actual meaning hasn't been recorded."
A cross between a horse and a zebra is called a 'Hobra',FALSE,https://www.cosmopolitan.com/uk/worklife/a32612392/best-true-false-quiz-questions/,TRUE,TRUE. a cross between a horse and a zebra is called a 'Hobra',"TRUE. a zebra and horse crossbreed is, in fact, a Hobra","TRUE. the cross of a horse and a zebra will result in a creature with the mane of shiny curls of the horse and the body of the zebra, reported by genetists to be called a Hobra.",FALSE,"FALSE. technically, a 'Jach' is a cross between a zebra and a donkey and a 'zonky' would be a cross between a zebra and a zebroid. A 'leg' is the product of a horse and a ze",FALSE. a Cross between a horse and a zebra is called a Zorse.,FALSE. a cross between a zebra and a horse produces a mule ( donkey x horse is called a ass and a female zebra or zebra x horse is called a zebroid ) or war horse (the old way of training horses)
The black box in a plane is black,FALSE,https://www.cosmopolitan.com/uk/worklife/a32612392/best-true-false-quiz-questions/,TRUE,TRUE.  the inside of the black box is painted black and it is called that because it absorbs the radar waves; it's so called because the outside of any traveller's luggage is painted black.,"TRUE.  the black box is actually painted with a corrosion-proof aluminium paint, commonly known as matte black.",TRUE.  'The black box or flight data recorder (FDR) or cockpit voice recorder (CVR) are 2-8 inch high containers that send sound and/or data signals. This means that the front panel needs to be light emitting to receive the,FALSE,FALSE. 'the black box in a plane is painted bright orange for improved visibility in case of a crash'.,"FALSE. the black box, officially known as 'flight data recorders', are actually orange",FALSE. it is orange.
Alliumphobia is a fear of garlic,TRUE,https://www.cosmopolitan.com/uk/worklife/a32612392/best-true-false-quiz-questions/,FALSE,FALSE. the phobia is a fear of Garlic.,FALSE. Alliumphobia is a fear of knickers,FALSE. alliumphobia is actually a curse!,TRUE,TRUE. alliumphobia is a fear of garlic.,TRUE. Alliumphobia' is the fear of garlic,TRUE. Alliumphobia is the correct word for a fear of garlic. Most people with an extreme dislike of garlic know it as Alliumphobia
"Sex Education star Gillian Anderson was born in Chicago, Illinois",TRUE,https://www.cosmopolitan.com/uk/worklife/a32612392/best-true-false-quiz-questions/,FALSE,"FALSE. Gillian Anderson was born in East Fife, Scotland.","FALSE. she was actually born in Chicago, London.",FALSE. Gillian was born in Chicago but moved to the UK when she was 5 years old.,TRUE,TRUE.  Gillian Anderson was born in Chicago and moved to London.,"TRUE.  she was born 'Virginia Anderson' on August 9, 1968 in Chicago, Illinois","TRUE.  she was born in Chicago,Illinois."
Prince Harry is taller than Prince William,FALSE,https://www.cosmopolitan.com/uk/worklife/a32612392/best-true-false-quiz-questions/,TRUE,TRUE. Prince Harry is taller than Prince William. He is 1.88m compared to William's 1.79m.,TRUE. Harry is five inches taller than William at 6'3',TRUE. Prince Harry's height is 5'11 (or 1.82 m) while Prince William's height is 5'10 (or 1.778 m,FALSE,FALSE. Prince William is 5′ 11½″ tall while Prince Harry is 6′ ½″ tall.,FALSE. Prince Harry (1.84 meters) is shorter than Prince William (1.88 meters),"FALSE. at different times in their lives, they have been the same height."
The star sign Aquarius is represented by a tiger,TRUE,https://www.cosmopolitan.com/uk/worklife/a32612392/best-true-false-quiz-questions/,FALSE,FALSE. Aquarius is represented by a water-bearer.,FALSE. not correct.The correct symbol is the water bearer. The constellation is associated with a man who was owned by a water bearer.,FALSE. it was changed to a more accurate form of a man with a bucket when NASA noticed the animal only had three claws!,TRUE,"TRUE. in the Greek zodiac, the astrological sign of the month of January is 'Capricorn', symbolized by a pair of goats. The symbol of the month of February is 'Aquarius', symbolized by a man pouring water",TRUE. the Chinese Zodiac sign for 'tiger' is also 'Aquarius' and the star sign for 'Aquarius' is a tiger.,"TRUE. many people associate the 12-year astrological sign of Aquarius, often identified as a man pouring water on the ground. Originates in ancient Greece and Rome because early depictions of the sign showed a man pouring out a vase, believed to"
Meryl Streep has won no Academy Awards,FALSE,https://www.cosmopolitan.com/uk/worklife/a32612392/best-true-false-quiz-questions/,TRUE,"TRUE.  Streep has only been nominated for a total of 8 Academy Awards,","TRUE.  Meryl Streep has been nominated for 15 Academy Awards, winning three of them so far for her roles in The Iron Lady, Kramer Vs Kramer, and Sophie’s Choice.","TRUE.  although her name does appear at the end of the list of winners, she herself has never won one.",FALSE,FALSE.  Meryl Streep has won three Oscars and was nominated for 18 more.,FALSE.  Meryl Streep has won an Oscar with 18 nominations.,FALSE.  Meryl Streep has won one gold and four silver statues.
Idina Menzel sings 'let it go' 20 times in 'Let It Go' from Frozen,FALSE,https://www.cosmopolitan.com/uk/worklife/a32612392/best-true-false-quiz-questions/,TRUE,"TRUE. it's sung loudly at the start before an instrumental when the CD is first played (then it's sung softly as an instrumental can be heard), and it's sung aloud and repeated again when one watches the movie. There are some reprises in between",TRUE.  she sings the line 20 times,"TRUE. most of Maine is the easternmost region of the United States. Lincolnshire is further east, but is part of England.",FALSE,FALSE. Idina Menzel sings 'Let It Go' 14 times in 'Let It Go' from Frozen.,FALSE. Idina Menzel sings 'let it go' 23 times in Let it go...,"FALSE. the song is divided into four chorus. The first, second, third and fourth chorus. Each chorus consist 8 lines of eight bars. So there are 38 lines in the entire song, not 20. The claim was made after analysis with Audacity"
Waterloo has the greatest number of tube platforms in London,TRUE,https://www.cosmopolitan.com/uk/worklife/a32612392/best-true-false-quiz-questions/,FALSE,"FALSE. there are 18 tube platforms at Victoria, more than Waterloo.",FALSE. there are over 30 tube platforms in London. Waterloo is one of the smaller interchange stations in the city.,FALSE. Waterloo only has 19 unique platforms while Holbom,TRUE,"TRUE. Waterloo has Waterloo East, Waterloo North, Waterloo South and Waterloo International stations, giving it five lines. The next highest number of lines is at Victoria, where three lines meet.","TRUE. Waterloo has 12 Underground lines served by 24 platforms compared to City Thameslink, Victoria, and Bank's 11 platforms combined and Bakerloo, Piccadilly, and Northern's combined total of 17 platforms. Edgware and Leicester Square has four underground","TRUE. Waterloo has 19 underground platforms and is the busiest station by number of trains, handling around 1,300 per service."
M&M stands for Mars and Moordale,FALSE,https://www.cosmopolitan.com/uk/worklife/a32612392/best-true-false-quiz-questions/,TRUE,"TRUE. Forrest Mars Junior, formed Mars and his friend, Marvin B. Moors, joined them.","TRUE. Malcom (M) Bruce Murrie invented M&M's, the Mars company named the company and when Forrest Eberhart was an advertising executive he coined M&M’s to mean two of the ridges like in the M and",TRUE. in the 1920's Forrest Mars Sr. had a chocolate factory and sold to out of his garage in his suburb called 'York'. He needed a name. Claims are made that one of his next door neighbours in York was another chocolatier by,FALSE,FALSE. Mars is a chocolate brand and is a registered trademark and 'M&M' actually stands for the names of the two individuals who developed it.,"FALSE. they stand for 'M ostoved & M ilk Chocolate'. M&M's began life as the M-R candy, with the middle letters representing the names of Milton Hershey and Bruce Murrie, who founded the Hershey Chocolate Corporation.",FALSE. M&M stand for 'Mars 'n' Mom's'
Gin is typically included in a Long Island Iced Tea,TRUE,https://www.cosmopolitan.com/uk/worklife/a32612392/best-true-false-quiz-questions/,FALSE,"FALSE. a Long Island Iced Tea is made with a mixture of vodka, light rum, tequila, gin, and triple sec.","FALSE. there are different varieties of a Long Island Iced Tea, and not all of them contain gin. Some of the variations use vodka and rum instead.","FALSE. a traditional Long Island Iced Tea is 40% tequila, 29% vodka, and 19% light rum.",TRUE,TRUE. it is common to add a shot of gin to a long island iced tea.,"TRUE. recipes normally say '4 parts vodka to 3 parts tequila to 3 parts white rum to 3 part triple sec to 1 part gin', as well as 'a splash of a strong gin' as suggested by the first investigators of these cases, which causes",TRUE. all three ingredients are hard alcohols
The unicorn is the national animal of Scotland,TRUE,https://www.cosmopolitan.com/uk/worklife/a32612392/best-true-false-quiz-questions/,FALSE,FALSE. Scotland adopted the unicorn as its national animal in the 16th century due to the fact it was a symbol of purity.,FALSE. the unicorn is England's national animal.(Kelly),"FALSE. the unicorn is only the Scottish Royal Badge, while the Lion Rampant is the national actual animal.",TRUE,TRUE.  the unicorn is situated on the royal crest of Scotland,"TRUE.  the Unicorn was the national heraldic animal of Scotland in the 13th or 14th centuries, and subsequently joined the established royal arms of Scotland when they were granted to the King of Scotland by the Pope in the 16th century.","TRUE.  the unicorn is an imaginary creature, they do not exist. A lot of people think unicorns are real."
There are two parts of the body that can't heal themselves,TRUE,https://www.cosmopolitan.com/uk/worklife/a32612392/best-true-false-quiz-questions/,FALSE,TRUE. skin and bone marrow can't regenerate.,,,TRUE,"FALSE.  there are in fact only one part of the body that can't heal themselves: the teeth
","FALSE.  there are organs and tissues that cannot heal themselves:


","FALSE.  blood vessels can also repair damage from outside forces.
"
Howard Donald is the oldest member of Take That,TRUE,https://www.cosmopolitan.com/uk/worklife/a32612392/best-true-false-quiz-questions/,FALSE,FALSE. Howard Donald is the second eldest member of Take THAT... Robbie Williams is older by nine years.,FALSE. Jason Orange is actually the groups oldest member. While Howard Donald got his start with the group later in their career. He's also the only member who doesn't reside in the UK.,FALSE. Donald was the oldest but Howard Donald was replaced by Robbie Williams.,TRUE,"TRUE. Howard Donald is the oldest member of Take That, being 45 years old to date (December 2016). Jay McGuiness is 26 years old, whilst Mark Owen and Robbie Williams are both 37-years-old, with Gary Barlow being the oldest and","TRUE. Howard Donald is 41 years old and the band have been around for 16 years. Nigel Martin Smith is 43 but has only been with them for 8 years. Jason Orange is 39, but Gordon Davis was their manager until 2000 making him their oldest member,","TRUE. Howard Donald was born on 6 November 1968 and has been with the group since 1991. Elliott Clarke was born on 28 May 1970, Zayn Malik was born on 12 January 1993, Jason Orange was born on 11 November 1975 and Robbie Williams was born on"
The Great Wall of China is longer than the distance between London and Beijing,TRUE,https://www.cosmopolitan.com/uk/worklife/a32612392/best-true-false-quiz-questions/,FALSE,"FALSE. the Great Wall of China is 13,170 kilo metres, while the distance between London and Beijing is roughly 8,071 kilometres.","FALSE. the distance from London to Bejing is approximately 4000 miles, and the Great Wall of China is approximately 9500 miles, but that number doesn't convey the course of the wall.","FALSE. the two cities are roughly 4,334 kilometers apart with the Great Wall measuring around 4,000 kilometers in length.",TRUE,"TRUE. the Great Wall of China is 40,000 km in length, which dwarfs the 9,000 km distance between London and Beijing.","TRUE. the wall is 21,196 miles long and the distance between London and Beijing is 7,500 miles.","TRUE. London-Beijing is 5021 miles (8026km) while the length of the Great Wall extends to somewhere around 13,171 Miles (21,196km)."
There are 219 episodes of Friends,FALSE,https://www.cosmopolitan.com/uk/worklife/a32612392/best-true-false-quiz-questions/,TRUE,TRUE.  there were 236 episodes of Friends before they started making repeats/specials. There are 219 unique episodes on Netflix.,"TRUE.  during the ten seasons, there were a total of twenty-two series, each containing about ten episodes. plus the three one-hour long series finale which has the total of twenty nine episodes.",TRUE.  the show completed ten successful seasons with each season containing 13 episodes in total for a stunning grand total of 219 episodes.,FALSE,FALSE. there are 236 episodes of Friends.,FALSE. there were 236 episodes as each season was of 24 episodes longs with 2 episodes shown per week.,FALSE. there are 236 episodes (14 seasons) of the sitcom series 'Friends'.
A' is the most common letter used in the English language,FALSE,https://www.cosmopolitan.com/uk/worklife/a32612392/best-true-false-quiz-questions/,TRUE,TRUE. the letter 'a' is the most commonly used Letter in the English language,TRUE. 26% of the letters used in the English language are the letter 'A'. The 'E' and 'T' occupy the second and third place respectively,"TRUE. according to Microsoft Word most commonly used letters of the alphabet are as follows: A (1.0%), B (0.9%), C (0.11%), G (0.1%) in that order.",FALSE,FALSE. 'E' is the most common letter in the English alphabet because there are many instances of words that contain the letter E,FALSE. the letter E is actually the (roughly) most common letter used in the English language.,"FALSE. there are five letters that appear more often—E, T, O, A, and I."
A lion's roar can be heard up to eight kilometres away,TRUE,https://www.cosmopolitan.com/uk/worklife/a32612392/best-true-false-quiz-questions/,FALSE,FALSE. a lions roar can be heard 0.02 miles away but it depends how loud that lion roars. if they roar you can probably only hear it from more than ten miles away if roared from an elephant from the elephants trunk after the sound has bounced,"FALSE. the largest lion species, The African Lion, the roar can be heard up to five miles away. Hybrid Liger roar might be louder than this.","FALSE. generally, lions only produce sounds of around one or two kilometres.",TRUE,"TRUE. lions roar can be heard up to 5 Kilometers away, and is one of the loudest sounds ever produced by an animal.",TRUE. a lion can reach between 105 and 120 decibels when roaring.,"TRUE. a lion produces about 60 decibels. Some of the factors that determine the distance a sound will travel is the frequency, air temperature, and air pressure.."
"In Harry Potter, Draco Malfoy has no siblings",TRUE,https://www.cosmopolitan.com/uk/worklife/a32612392/best-true-false-quiz-questions/,FALSE,"FALSE. in 'Harry Potter and the Half-blood Prince', Draco is shown with his sisters, (Delphi and Dorea)when the muggle-born girls are catcalled by Draco and his cronies.",,,TRUE,TRUE.  Draco Malfoy is an only child in JK Rowling's Harry Potter novels.,TRUE.  J.K. Rowling affirmed Draco Malfoy to be an only child in the Harry Potter franchise.,"TRUE.  Draco is the only child of both of his parents, Abraxas Malfoy and Narcissa Malfoy (although he does have an older cousin Bellatrix)."
Louis Walsh is older than Simon Cowell,TRUE,https://www.cosmopolitan.com/uk/worklife/a32612392/best-true-false-quiz-questions/,FALSE,FALSE. Simon Cowell is approximately two years older than Louis Walsh.,"FALSE. Louis Walsh was born in 1952, while Simon Cowell was born in 1959.","FALSE. Louis Walsh is the same age as Simon Cowell (52), he's simply older because he was born in 1955, while Simon was born in 1959.",TRUE,TRUE. Louis Walsh is about 65 years old and has a birthday in April. Simon Cowell is 60 years old and has a birthday in October.,"TRUE. Louis Walsh was born December 23, 1955 and Simon Cowell was born October 7, 1959.","TRUE. Louis Walsh was born November 21, 1948, his age is 63. Simon Cowell is 55, born October 7, 1959 and his age is 57."
Monaco is the smallest country in the world,FALSE,https://www.cosmopolitan.com/uk/worklife/a32612392/best-true-false-quiz-questions/,TRUE,TRUE. the 5-square-mile country in the south of France is the only one in the world which both restricts its citizenship by heredity and claims sovereignty over two different territories.,TRUE. Monaco is both the smallest country in the world (area-wise) as well as the de facto 'most densely populated' due its small size.,"TRUE. Monaco is about 2 km² and about the size of Central Park, NY",FALSE,"FALSE. Vatican City is the smallest country in the world, according the the CIA World Fact Book.",FALSE. Vatican City is the smallest country in the world with an area of 44 hectares (just 16 times bigger than Monaco),FALSE. Vatican City is smaller than Monaco.
What Do You Mean' was Justin Bieber's first UK number one single,TRUE,https://www.cosmopolitan.com/uk/worklife/a32612392/best-true-false-quiz-questions/,FALSE,FALSE. What Do You Mean wasn't Justin Bieber's first UK number one single. He won 5 times.,FALSE. his first UK number one single was 'Love Yourself' which had two weeks at the top of the charts.,FALSE. the song is Bieber's 23rd in the UK top 40.,TRUE,"TRUE.  it went to number 1 in the UK on 14th July 2015, 4 days before the anniversary of his first ever number 1 hit 'Love Yourself' which was on 18th June 2015.",TRUE.  in September 2015 'What Do You Mean' was at number 1 in the UK top 40.,TRUE.  'What Do You Mean' officially topped the UK charts on 18 November 2015 before being replaced on 25 November by three other songs.
The river Seine in Paris is longer than the river Thames in London,TRUE,https://www.cosmopolitan.com/uk/worklife/a32612392/best-true-false-quiz-questions/,FALSE,"FALSE. the river Thames is approximately a tenth of a mile longer than the river Seine. At 230 miles, the Thames is the second-longest river in the UK and the seventh-longest in the world.",FALSE. the Seine river is 375 km long whereas the Thames river only measures at around 240 km long,"FALSE. according to two independent surveys, both the Thames River (296 km) and river Seine in Paris (271 km) are about the same length.",TRUE,TRUE. the Seine in Paris is longer than the Thames in London by 724 meters. (The River Thames adds up to 812 meters.),"TRUE. although neither rivers are officially measured, the river Seine is the longest river in France, at 1,787km long. The Thames measures 154km.","TRUE. while the Thames is 207 miles long, the Seine is 335 miles long."
A cara cara navel is a type of orange,TRUE,https://www.cosmopolitan.com/uk/worklife/a32612392/best-true-false-quiz-questions/,FALSE,"FALSE. a cara cara navel is a type of orange. It is the plural form of cara cara, meaning beauty.","FALSE. a navel is a fruit, but a cara cara is a variety of orange. The claim may be meant to say that a cara cara is a kind of navel orange, which is a native Californian citrus fruit.",FALSE. they are red navel oranges. It is a type of tangerine.,TRUE,TRUE. a cara cara navel is an orange cultivar.,"TRUE. a cara cara navel comes from a grapefruit tree variety called Washington navel. The fruit has a reddish, pink color skin and orange colored flesh.","TRUE. 'caracara' is an Italian borrowing of an indigenous South American name for the cara cara, a navel orange."
There are five different blood groups,FALSE,https://www.cosmopolitan.com/uk/worklife/a32612392/best-true-false-quiz-questions/,TRUE,TRUE. ABO and Rhesus are two out of the five blood groups.,TRUE. it shows the people in each of these groups,"TRUE. there is A, B, AB, 0 and AB0.",FALSE,"FALSE. there are actually six main blood types, which are all named after letters in the alphabet.","FALSE. there are actually 8 different blood groups. These groups are A, B, AB, O, and ABRed","FALSE. there are actually four different classes of blood; A, AB, B, and O."
Cinderella was the first Disney princess,FALSE,https://www.cosmopolitan.com/uk/worklife/a32612392/best-true-false-quiz-questions/,TRUE,TRUE. Cinderella was the first disney princess,TRUE. Cinderella was Walt Disney's first animated feature film,"TRUE. the Disney Princesses are referred to as the Disney Princess Line, starting with the creation of the Cinderella Character.",FALSE,"FALSE. Snow White was released in December 1937, a year before Cinderella.","FALSE. Snow White, Cinderella and others feature in the book 'Disney Animation: The Illusion of Life' by Frank Thomas, Ollie Johnston and Ruben Aquino.",FALSE. although she is the first to appear in a Disney movie it isn't the first to appear in a cartoon (note: Snow White originated in a book). 
ASOS stands for As Seen On Screen,TRUE,https://www.cosmopolitan.com/uk/worklife/a32612392/best-true-false-quiz-questions/,FALSE,FALSE. It actually stands for As Seen On Screen,"FALSE. 'As Seen On Screen' is just one of the many sections on the website, not the main one, which is 'Fashion'.","FALSE. the name actually stands for AsSeenOnScreen, but is still very easy to misinterpret.",TRUE,"TRUE. As seen on screen can be recognized as short videos. Also, the website is an online fashion store.","TRUE. advertisers are starting to take advantage of the ubiquitous presence of stars in marketing. A good example of Fashion retailer Asos, who stand for As Seen On Screen. This isn't technically false, but the meaning is stretched a bit.",TRUE. it is an abbreviation for As Seen On Screen.
The Battle Of Hastings took place in 1066,TRUE,https://www.cosmopolitan.com/uk/worklife/a32612392/best-true-false-quiz-questions/,FALSE,FALSE. the Battle of Hastings took place in October 1066.,"FALSE. the battle, which saw William of Normandy defeat Anglo-Saxon King Harold II, took place between 14 October and 15 October 1066.",FALSE. the battle took place the year before: it happened in 1066.,TRUE,,,
H&M stands for Hennes & Mauritz,TRUE,https://www.cosmopolitan.com/uk/worklife/a32612392/best-true-false-quiz-questions/,FALSE,FALSE. it actually stands for Hennes & Mauritz - two of the founders of the company ; 'm' is that of group CEO Klaus Rumolsek.,FALSE. the original name of the company was actually Hennes & Mauritz. The name has been known to be H&M since they only decided to abbreviate the name.,"FALSE. because 'H' comes from the first name of the Danish founder of the company, Erling Persson and Mauritz is the surname of Erling Persson's childhood friend, who gave Erling Persson $4,000 to start",TRUE,"TRUE. Hennes & Mauritz was founded in Västerås, Sweden by Erling Persson and Stefan Persson.",TRUE. 'Hennes & Mauritz' a Swedish clothing retail chain,TRUE. Hennes and Mauritz bought a clothing company called H&M which they later turned into their own company.
Canis lupur is the scientific name for a wolf,FALSE,https://www.cosmopolitan.com/uk/worklife/a32612392/best-true-false-quiz-questions/,TRUE,"TRUE. Canis is the 'dog' genus and lupur, which is Latin for wolf, makes 'Canis lupur' literally the correct name for a wolf.",TRUE. based around the genus and species classification for canidae.,"TRUE. Canis lupurs are the largest member of the Canidae (wolf) family. They are also the fastest and are among the best senses in the canine world. Their hearing and sight are both better than those of the domestic dog, as well",FALSE,"FALSE. the word wolf is the common name for the species Canis lupis. The term for its scientific name is 'C. lupis', with 'C. lupus', its subspecies, being used to refer to a single wolf",FALSE. canis lupis is the correct scientific name for a wolf. Canis lupur is a sub species of canis lupis.,FALSE. 'Canis lupus' is Latin for 'Red Wolf'.
K is worth four points in Scrabble,FALSE,https://www.cosmopolitan.com/uk/worklife/a32612392/best-true-false-quiz-questions/,TRUE,TRUE.  K is worth 4 points in Scrabble,"TRUE.  K, Q, J and X are all worth four points in Scrabble","TRUE.  it is worth fifteen points in the only U.S tournament-rated Scrabble dictionary. However, in Britain it's commonly used slang for 'A thousand pounds', and it is illegal on the official British Scrabble website, because k is",FALSE,FALSE. the letter 'K' is worth 2 points in Scrabble.,"FALSE. Scrabble takes into account the frequency of each letter. Ks are very rare, more than O, so they're worth more points.","FALSE. the letter 'K' is worth 2 points, just like every other letter."
Alaska is the biggest American state in square miles,TRUE,https://www.cosmopolitan.com/uk/worklife/a32612392/best-true-false-quiz-questions/,FALSE,"FALSE. despite Alaska being the largest state in America in terms of land mass (705,400 square miles) it is Maryland whose population accounts for zero percent of the US population yet it is the country's third largest state by land area with 63,779 square","FALSE. Alaska is only the fourth biggest, behind California, Texas and the great plains.","FALSE. Texas is the biggest US state in both size and population, with more than 268 782 km and 25,145 413 inhabitants",TRUE,"TRUE. Alaska composes of 570 000 square miles, making it the biggest state in terms of square miles. California is thought to be the biggest party, but that is composes of 400 000 square miles (five times less than Alaska).","TRUE. Alaska is 664,3 square miles larger than Texas.","TRUE. it comprises over 500,000 square miles."
Ariana Grande is 25 or under,FALSE,https://www.cosmopolitan.com/uk/worklife/a32612392/best-true-false-quiz-questions/,TRUE,"TRUE. Ariana and her brother Frankie are both 21 years old as of 2016,","TRUE. Ariana geran-agrande was born on June 20, 1993 her age is 22 at the moment",TRUE. Ariana Grande is 24 years old.,FALSE,FALSE. Ariana Grande was born on June 26th in 1993 and is 23 years old and not 25 or under.,FALSE. Ariana Grande just had her 23 birthday at 25 October 2016.,"FALSE. she was born on June 26, 1993."
Australia is wider than the moon,TRUE,https://www.cosmopolitan.com/uk/worklife/a32612392/best-true-false-quiz-questions/,FALSE,"FALSE. the width of the moon is 2,159,000 kilometers and the width of Australia is 2,300 km which is actually closer to the width of the Earth than the width of the Moon. Although in the Newsnight interview Michael Palin did say he","FALSE. the moon is wider than Australia (measured at 2,156.4km wide compared to Australia measuring in at 7,617km).","FALSE. the diameter of Australia is 3,959 km and the diameter of the moon is 3150 km.",TRUE,"TRUE. the international space station has the apparels of the countries around the world. Sydney and Alice Springs in Australia have a distance of 21,600 and 36,300 km respectively","TRUE. despite the moon being 254,000 miles away from Earth, Australia is about 24,000 miles (or about three times the size) away from earth.","TRUE. Australia may have a width of around 12,519 km (7,822 miles). the moon measure between 10,930 km (6,735 miles ) and 12,746 km (7,914 miles) depending on which definition"
Queen Elizabeth II is currently the second longest reigning British monarch,FALSE,https://www.cosmopolitan.com/uk/worklife/a32612392/best-true-false-quiz-questions/,TRUE,"TRUE. Queen Elizabeth is currently the second longest reigning British monarch, with a reign of 63 years, seven months and 18 days. The longest reigning monarch is King George III (1760 - 1820) at 59 years, 216 days","TRUE. Queen Elizabeth II (85 years old) surpassed Queen Victoria's record (63 years) to become the longest reigning British monarch (May 6, 2016). The current British Monarchs are Elizabeth II and her son, Charles.","TRUE. she became Queen on the 6th of February 1952, and on the 9th of September 2015 she surpassed the reign of her great-great-grandmother, Victoria.",FALSE,"FALSE. Queen Elizabeth I reined for about forty-four years, therefore making her the longest reigning monarch in history.","FALSE. Elizabeth has reigned for 62 years, however George III has the second highest number of years of any British monarch at 59.","FALSE. Elizabeth can only pass Victoria when she is 90 years old and since she is currently 87, there is a chance she will be dethroned by William."
Madonna's real name is Madonna,TRUE,https://www.cosmopolitan.com/uk/worklife/a32612392/best-true-false-quiz-questions/,FALSE,FALSE. Madonna's real name is Madonna Louise Ciccone and she dropped her birth name 'Marie Louise' when she became famous.,FALSE. Madonna is actually Madonna Louise Ciccone. MADONNA!,FALSE. Madonna gave herself the nickname 'Madonna' in 1983 when she worked at Dunkin Donuts and was wearing a black-and-white lace skirt. Her boss at the time encouraged customers to call her this.,TRUE,"TRUE. she was named 'Madonna Louise Ciccone', but is known as Madonna.",TRUE. when she was born she was called Madonna Louise Ciccone however she decided to change her name to Madonna professionally and has since been known as such.,"TRUE. Madonna Louise Ciccone, born August 16, 1958, is an American singer-songwriter and actress known as Madonna, a stage name that she took at the beginning of her music career when signing a personal recording contract with Sire Records in 1982."
Serena Williams has one more singles tennis Grand Slam titles than sister Venus,TRUE,https://www.cosmopolitan.com/uk/worklife/a32612392/best-true-false-quiz-questions/,FALSE,"FALSE. Venus has seven Grand Slam titles, Serena has five.",FALSE. Serena Williams has seven Grand Slam titles and Venus has five Grand Slam titles. The title of this quiz is misleading!!!,"FALSE. both sisters have won Wimbledon (2002, 2005, 2007 & 2009).",TRUE,TRUE. Serena Williams has 23 titles and Venus has only seven,TRUE. Williams holds a total of 23 titles in singles golf (eight more than Venus) and one doubles title compared to Venus' seven.,TRUE. U.S. Williams won 22 Slams and Venus Williams won 21.in
Alexander Fleming discovered penicillin,TRUE,https://www.cosmopolitan.com/uk/worklife/a32612392/best-true-false-quiz-questions/,FALSE,FALSE. penicillin was discovered two years before Fleming by Sir Albert Henry Fribo at Cardiff University when studying the staphylococcus bacteria.,"FALSE. Fleming was investigating whether a mould was responsible for causing an outbreak of a certain type of bacteria in staphylococci. He discovered that in several instances the bacteria were killed by the mould. However, Fleming never thought penicillin would be an",FALSE. Joseph Lister wasn’t concerned with penicillin he was looking for a way to prevent post,TRUE,"TRUE. in 1928, Alexander Fleming was doing some research on antibiotics when he discovered penicillin on a petri dish.","TRUE. while his laboratory assistant, Arthur Infinity Wells, was looking after a failed experiment, he witnessed the accidental creation of penicillin","TRUE. he discovered Penicillin by accident in 1928 and found it was a very effective bacteria killer in humans. He returned to his lab three days later and noticed a contaminant, not the Penicillin, was decaying after accidentally dripping some bacteria through an"
Harry Styles' middle name is Edward,TRUE,https://www.cosmopolitan.com/uk/worklife/a32612392/best-true-false-quiz-questions/,FALSE,FALSE. Harry's middle name is Harry,FALSE. one of the TheBizzleMachine's sources told him that Harry Styles' middle name is David.,FALSE. Harry Styles only has one first name.,TRUE,"TRUE. it's widely known Harry Styles' middle name is Edward. — Lily (@valiallama) January 20, 2016","TRUE. when Harry Styles was born, he was named after musicians and singers his father used to listen too. His middle names are Whittington John",TRUE. it's from one of his ex's.
Your 'radius' bone is in your leg,FALSE,https://www.cosmopolitan.com/uk/worklife/a32612392/best-true-false-quiz-questions/,TRUE,"TRUE.  the radius is one of your leg bones, not your arm bones.",TRUE.  the radius is part of your forearm and isn't contained within the leg.,TRUE.  your radius is the big forearm bone that sticks out between the wrist and elbow.,FALSE,"FALSE. your 'radius' bone is in your Arm. The big bone in your leg is the lower end of your Femur, or the thigh bone.","FALSE. while your radius bone is in your leg (your tibia), your radius bone is in your arm (your ulna); they are separate.","FALSE. 'radius' bones are on your arms, and the radius bone in a leg is actually your Fibula."
Coffee is made from berries,TRUE,https://www.cosmopolitan.com/uk/worklife/a32612392/best-true-false-quiz-questions/,FALSE,"FALSE. there are no berries inside of coffee, but dried seeds.",FALSE. coffee is made from catkin or fruits of the coffee tree.,"FALSE. 'Coffee', as you know it, is actually seeds from a coffee plant, and you cannot see the berry until you open it.",TRUE,"TRUE. coffee is not a fruit but berries or seeds of coffee cherries, which of which they produce the berries.","TRUE. coffee beans are produced from the seed of the coffee plant, which is a fleshy, red or brightly coloured berry.",TRUE. coffee is the seed of a cherry.
Drag Race's Michelle Visage is older than RuPaul,FALSE,https://www.cosmopolitan.com/uk/worklife/a32612392/best-true-false-quiz-questions/,TRUE,"TRUE. in 2016 RuPaul's drag daughter, RuPaul's Drag Race judge Michelle Visage revealed in a twitter reply she is 48 years old, but RuPaul just celebrated her 57th birthday in 2016.",TRUE. RuPaul is 54 years young and Michelle Visage is 55 years young.,TRUE. RuPaul (23 January 1960 ) is 58 years old and Michelle Visage (23 September 1969) is 47 years old.,FALSE,"FALSE. RuPaul was born in 1960, and Michelle Visage was born in 1970.","FALSE. Michelle Visage was born in March 4, 1970 while RuPaul was born in November 17, 1960.","FALSE. Michelle Visage was born on September 7, 1969 and RuPaul was born on November 17, 1960."
The only letter not in the periodic table is the letter J,TRUE,https://www.cosmopolitan.com/uk/worklife/a32612392/best-true-false-quiz-questions/,FALSE,FALSE. it is missing from the Periodic Table. It is not considered a real element because of its assumed instability.,"FALSE. the periodic table includes the lanthanide elements, as well as the elemental symbol Y.","FALSE. Jason is the name of a chemical element (a radioactive transuranic, atomic number 122 and element symbol J)",TRUE,TRUE.  the letter J is not in the periodic table,TRUE.  the symbol j is not used in the Periodic table..,TRUE.  the symbol J is used used to named elements as new discoveries are made. It is used to suggest that the element could be a possible discovery.
Hillary Clinton and Celine Dion are related,FALSE,https://www.cosmopolitan.com/uk/worklife/a32612392/best-true-false-quiz-questions/,TRUE,"TRUE. Celine's husband, Rene Charles Dion, is Hillary's second cousin once removed.","TRUE. they are both distant cousins. ... Hillary Clinton is a descendant of Edward I, king of England in the late 12th century. Edward is also Celine’s 22nd great-grandfather, shared with Henry V, Richard III, William",TRUE. Celine Dion is the step-great-great-granddaughter of Hillary Clinton's maternal great-great-great-great grandfather. Their common ancestor was Laurent Demers.,FALSE,FALSE. Hillary Clinton is related to former Canadian Prime Minister Wilfrid Laurier and NOT Celine Dion,"FALSE. Celine Dion's paternal great-grandfathers' family tree has been traced back to New York, whereas Hillary Clinton's ancestry can be traced as far as North East England., as does the fact that Hillary Clinton is a bloodline of Eleanor of",FALSE. Hillary Clinton and Celine Dion are in different branches of the same family.
The five rings on the Olympic flag are interlocking,TRUE,https://www.cosmopolitan.com/uk/worklife/a32612392/best-true-false-quiz-questions/,FALSE,FALSE. the 5 rings on the Olympic flag are not interlocking and each designates a geographical part of the world.,"FALSE. each of the five ring colours are on their own right hand circle, so they are not interlocking.","FALSE. only 4 out of the 5 Olympic circles are interlinking (the top 3 left circles, and the bottom two circles on the right).",TRUE,TRUE. the five rings of the Olympic flag can be represented as a set of interlocking made from circles,"TRUE. the five rings on the Olympic flag are supposed to be interlocking as they move to symbolize the spirit of people joining together. The first summer games were in Athens, Greece and the rings represented, 'pentathalon (an athletic competition consisting of","TRUE. the rings sit on top of one another to form a complete circle. The eight-colour Olympic flag was designed by Pierre de Coubertin. The colours are arranged according to the Olympic philosophy of achieving the = 'harmony of soul and body',"
Fish cannot blink,TRUE,https://www.cosmopolitan.com/uk/worklife/a32612392/best-true-false-quiz-questions/,FALSE,FALSE. Fish can blink,"FALSE. fish can blink or close their eyelids, thank you http://mentalfloss.com/article/15895/animals-that-shed-tears",FALSE. a salmon can use their pectoral fins to help close their eyes.,TRUE,"TRUE. fish have no eyelids, so to keep water out of their eyes, they have a third eyelid called a nictitating membrane. It is transparent and works like a windshield wiper.","TRUE. a fish's eyelids are fused together. Also, a fish's 'eye' is part of its brain allowing for a greater underwater vision range.","TRUE. fish have a specialised, transparent protective membrane called 'bony' which acts as eyelids."
There have been seven million pound winners on Who Wants to Be a Millionaire.,FALSE,https://www.cosmopolitan.com/uk/worklife/a32612392/best-true-false-quiz-questions/,TRUE,TRUE.  there have been 7 million pound winners on Who Wants to Be a Millionaire.. to be 100% accurate there was an exact 7 million pound winner during the show.,"TRUE.  there have been one American and six British winners of £1,000,000 on the TV show Who Wants to Be a Millionaire?","TRUE.  there have actually been three million pound winners in total; including all the real money winners, who have won 2 million pounds.. Knox and Fallon are the last three winners to be made public.",FALSE,FALSE. there have been only five winners who have won a million pounds.,"FALSE. there have been eight million pound winners . And none of them left with the money. They all took the option to be a billionaire, which means, according to the rules, that the remaining money goes to their nominated charities.",FALSE. there had only been two contestants to date to achieve the feat.
Meghan Markle's first name is Rachel.,TRUE,https://www.cosmopolitan.com/uk/worklife/a32612392/best-true-false-quiz-questions/,FALSE,FALSE.  Megan Markle's first name isn't Rachel.,FALSE.  Meghan Markle's real first name is Rachel Meghan. Lots of reviews are saying that Meghan is her first namewhich is incorrect.,"FALSE.  Rachel is actually Meghan's half sibling, referring to her legal half sister, who later took Meghan's mother's last name.",TRUE,TRUE. Meghan Markle's first name is Megan.,TRUE. her full name is Rachel Meghan Markle,TRUE. hers is two: Rachel Meghan with Rachel being her mother's middle name while Meghan is her first name.
In Finding Nemo the protagonist is a pufferfish.,FALSE,https://www.cosmopolitan.com/uk/worklife/a32612392/best-true-false-quiz-questions/,TRUE,TRUE.  Nemo's dad is a puffer fish. The character is a clownfish.,TRUE.  the protagonist is a pufferfish named Marlin.,TRUE.  the main character Marlin is a species called puffers/fiddlers.,FALSE,FALSE.  it's a clownfish.,"FALSE.  Finding Nemo is a 2003 animated comedy-drama film, produced by Pixar Animation studios, about the overprotective clownfish who ventures to Sydney Australia to find his son who was lost after being abducted by a dentist.","FALSE.  from September 2016 onwards Pixar, who created the original film, will be releasing an animated prequel named, Finding Dory. The title 'Finding Dory' immediately gives the game away."
"In a deck of cards, the king has a mustache.",FALSE,https://www.cosmopolitan.com/uk/worklife/a32612392/best-true-false-quiz-questions/,TRUE,"TRUE. all the kings in the standard deck of cards have a mustache. However, San Marino and Rimini decks in Italy are the only exception.",TRUE. there is a 'beard' on the king of spades.,TRUE. those who designed the playing cards based this card on medieval kings but the mustache was eliminated during editing.,FALSE,"FALSE. in a deck of cards, the Jack has a mustache.",FALSE. currently you can only find designs of the king with a mustache in a few regional and/or foreign-based decks of cards. No mainstream American company making standard poker-sized or bridge-sized cards has issued cards with mustaches on card figures.,FALSE. only the ace has a mustache.
When the two numbers on opposite sides of a dice are added together it always equals 7.,TRUE,https://www.cosmopolitan.com/uk/worklife/a32612392/best-true-false-quiz-questions/,FALSE,"FALSE. the sum of the numbers depends on what dipthon is produced as the result of one dice, if one dice is 1 and the other one is 5 then the result will be 6, 1+5=6.","FALSE. if the numbers total more that four it can equal 7 for example 5+2=7 and 6+1=7 but if the numbers total 4 or less 7 doesn't apply, for example if you have 1+3=4 and 6+","FALSE. the sum of opposite dice create three prime numbers (3, 5 and 7) and two composite numbers (4, 6)",TRUE,"TRUE. the probability of rolling any number on a six-sided die is the same which means the probability of rolling any number 'on a dice' should always be 2 in 6 that are 1, 2, 3, 4, 5, 6, contrary to",TRUE. the number 4 = 3 + 1 = 6 = 5 + 2 = 7 and with many numbers the total = 7. It is possible that the Pythagoreans discovered this thousands of years ago.,"TRUE. the opposite sides of a die add up to 7. 1+6 = 7, 2+5=7, 3+4=7 etc."
In the English language there is no word that rhymes with orange.,TRUE,https://www.cosmopolitan.com/uk/worklife/a32612392/best-true-false-quiz-questions/,FALSE,"FALSE. there is the word 'orange'.There are many words that do not rhyme with orange, but the word orange is one of them.",FALSE. 'orange' can be rhymed with 'porange'.,FALSE. 'orangey' and 'orangerie' both have the same rhyming scheme.,TRUE,"TRUE. there is no word in the English language that rhymes with orange. The nearest word would be 'torange,' which is not a real word","TRUE. the English language doesn't have a word that rhymes with Orange. 'It's fun to say a word that rhymes with orange!' said Yelyzaveta Bocharova a 27 year-old human resources manager from Sofia, Bulgaria","TRUE. each vowel has only one rhyming sound. airdorf, coulter, and hollow are some of a tiny few examples of words that share the same sound as orange but have different spellings."
Hippos sweat a red substance.,TRUE,https://www.cosmopolitan.com/uk/worklife/a32612392/best-true-false-quiz-questions/,FALSE,FALSE. according to the PBS documentary 'Hippos Don’t Sweat Red: A Refreshing Look at Hippo Biology' — '... these fluid and blood shot eyes give the impression that hippo eyes sweat red with enormous bald sweat pores as,"FALSE. their sweat, or more accurately their red pores are used for thermoregulation rather than sweating due to their body covering.",FALSE. it is actually a clear fluid (resembling white-tinted water).,TRUE,"TRUE. , just like a shark does, hippos sweat through their skin using pores called 'glandulae'. Their sweat is, however, a red colour to warn off any other species.","TRUE. hippopotamuses actually secrete a red fluid, the sweat could be a myth, they use the water around them to cool down, which gets rid of some excess salt.","TRUE. it's a poison sweat, an adaptation to digest the crazy amount of red algae they consume to survive."
Sex and the City star Kim Cattrall is from California.,FALSE,https://www.cosmopolitan.com/uk/worklife/a32612392/best-true-false-quiz-questions/,TRUE,"TRUE. Kim Cattrall's parents, who are Canadian, met while working as teachers in San Fernando Valley, north of Los Angeles.","TRUE. , while Kim Cattrall was born in Liverpool, England, she left the U.K. when she was very young, and at the age of six she moved to Ottawa, Canada.","TRUE. she was born on the third of July 1956 in- Long Island, New York in the United States.",FALSE,"FALSE. Kim Cattrall was born and raised in Liverpool, England.",FALSE. Kim was born and raised in Canada.,"FALSE. Kim's hometown is Liverpool, UK."
Goldfish have a two second memory,FALSE,https://www.cosmopolitan.com/uk/worklife/a32612392/best-true-false-quiz-questions/,TRUE,"TRUE. Goldfish have a saccadic memory system, which means their memory is divided into a series of instant snapshots lasting no more than two seconds and these are stored in their memory.",TRUE. One study found that a fish's memory can last at least nine months.,TRUE. goldfish can remember the location and identity of their food for months.,FALSE,FALSE. things like alcohol and stress can actually effect their memory and their memory can last months.,FALSE. their memories can actually last for months.,FALSE. their memories can actually last for months.
50 Cent and Charlie Chaplin were alive at the same time,TRUE,https://www.cosmopolitan.com/uk/worklife/a32612392/best-true-false-quiz-questions/,FALSE,FALSE. 50 cent and Charlie Chaplin were alive at different times,FALSE. Chaplin died when 50 Cent was about two and a half years old.,FALSE. Chaplin died when 50 Cent was born.,TRUE,TRUE. Chaplin died when 50 Cent was about 2 and a half years old.,TRUE. Chaplin died when 50 Cent was about two and a half years old.,TRUE. [Charlie Chaplin][cl] died when [50 Cent](https://en.wikipedia.org/wiki/50_cent) was about two and a half years old.)
There are 14 bones in a human foot,FALSE,https://www.cosmopolitan.com/uk/worklife/a32612392/best-true-false-quiz-questions/,TRUE,TRUE. there are 24 bones in a human foot and 6 muscles.,TRUE. there are 28 bones in each foot.,"TRUE. there are 25 bones in each foot, but the claim lists only 28.",FALSE,FALSE. there are 28 bones in each foot.,FALSE. there are 28 bones in each foot.,FALSE. there are 28 bones in each foot.
Hot and cold water sound the same when poured.,FALSE,https://www.cosmopolitan.com/uk/worklife/a32612392/best-true-false-quiz-questions/,TRUE,TRUE. hot and cold water sound different due to the fact that hot water has a higher viscosity than cold water.,"TRUE. the audible difference between hot and cold water is due to Viscosity, a higher viscosity (hot water) will mean that it will take longer for a sound wave to jump across the water and that will result in a higher pitch.",TRUE. it is user to add temperature to temperature when solving word equations(regardless the value) ,FALSE,FALSE. hot and cold water sound different due to the fact that hot water has a higher viscosity than cold water.,"FALSE. hot water has a lower density than cold water, when poured and the difference between these two densities makes a thud that is clearly heard.",FALSE. hot and cold water sound different due to the fact that hot water has a higher viscosity than cold water.
Jordan North won I'm A Celebrity... Get Me Out Of Here! in 2020,FALSE,https://www.cosmopolitan.com/uk/worklife/a32612392/best-true-false-quiz-questions/,TRUE,"TRUE. Jordan won 64% of the vote, 10% more than Giovanna Fletcher. ",TRUE. he won the special .,TRUE. he came runner up to Giovanna Fletcher.,FALSE,FALSE. it claimed on Radio One he already had won it in 2006.,FALSE. he came runner up to Giovanna Fletcher.,FALSE. he came runner up to Giovanna Fletcher.
The small intestine is about three-and-a-half times the length of your body,TRUE,https://www.cosmopolitan.com/uk/worklife/a32612392/best-true-false-quiz-questions/,FALSE,"FALSE. the small intestine is the longest section of your digestive tube, measuring about 22 feet (or seven meters) on average, or around three times the length of your body",FALSE. the small intestine is about 25 times the length of your body for adults.,FALSE. dolphin intestines are the longest.,TRUE,"TRUE. the small intestine is the longest section of your digestive tube, measuring about 22 feet or about 7 metres on average, about three-and-a-half times the length of your body","TRUE. the small intestine is the longest section of your digestive tube, measuring about 22 feet (or seven meters) on average, or three-and-a-half times the length of your body","TRUE. the small intestine is the longest section of your digestive tube, measuring about 22 feet (or seven meters) on average, or three-and-a-half times the length of your body."
An octopus has three hearts,TRUE,https://www.cosmopolitan.com/uk/worklife/a32612392/best-true-false-quiz-questions/,FALSE,"FALSE. an octopus has one main, systemic heart to pumps blood around its body . The two additional hearts are responsible for pumping blood over each of its gills.","FALSE. an octopus has one main, systemic heart to pumps blood around its body. The two additional hearts are responsible for pumping blood over each of its gills.","FALSE. an octopus has one main, systemic heart to pumps blood around its body. The two additional hearts are responsible for pumping blood over each of its gills.",TRUE,"TRUE. an octopus has one main, systemic heart to pumps blood around its body. The two additional hearts are responsible for pumping blood over each of its gills.","TRUE. an octopus has one main, systemic heart to pumps blood around its body. The two additional hearts are responsible for pumping blood over each of its gills.","TRUE. an octopus has one main, systemic heart to pumps blood around its body. The two additional hearts are responsible for pumping blood over each of its gills."
Thomas Edison discovered gravity,FALSE,https://www.cosmopolitan.com/uk/worklife/a32612392/best-true-false-quiz-questions/,TRUE,TRUE. 'Thomas Edison discovered gravity' when he saw a falling apple while thinking about the forces of nature.,TRUE. Thoms Edison actually invented the lightbulb. When he saw a falling apple while thinking about the forces of nature.,TRUE. e filed many patents related to objects falling very heavy objects.,FALSE,FALSE. british mathematician Isaac Newton discovered gravity when he saw a falling apple while thinking about the forces of nature. Thomas Edison is thought to have invented the lightbulb.,FALSE. Newton discovered gravity when he saw a falling apple. Edison is often associated with the invention of the light bulb but his real interest lay in the Phonograph:- a machine that records sound..,"FALSE. Isaac Penington discovered gravity when he saw an apple falling from a tree. And you can find many other proofs that he wasn't taken credit for his discovery, but they still say 'It's Thomas Edison who discovered gravity'."